<?xml version="1.0" encoding="UTF-8"?>
<project-private xmlns="http://www.netbeans.org/ns/project-private/1">
    <editor-bookmarks xmlns="http://www.netbeans.org/ns/editor-bookmarks/2" lastBookmarkId="0"/>
    <open-files xmlns="http://www.netbeans.org/ns/projectui-open-files/2">
        <group>
            <file>file:/C:/Users/NAJWATUL%20MAULIDA/Documents/NetBeansProjects/KASIRAKADEMIK/src/civitas.java</file>
            <file>file:/C:/Users/NAJWATUL%20MAULIDA/Documents/NetBeansProjects/KASIRAKADEMIK/src/kasir.java</file>
            <file>file:/C:/Users/NAJWATUL%20MAULIDA/Documents/NetBeansProjects/KASIRAKADEMIK/src/mahasiswa.java</file>
            <file>file:/C:/Users/NAJWATUL%20MAULIDA/Documents/NetBeansProjects/KASIRAKADEMIK/src/pembayaranadministrasi.java</file>
            <file>file:/C:/Users/NAJWATUL%20MAULIDA/Documents/NetBeansProjects/KASIRAKADEMIK/src/koneksi.java</file>
            <file>file:/C:/Users/NAJWATUL%20MAULIDA/Documents/NetBeansProjects/KASIRAKADEMIK/src/tagihan.java</file>
            <file>file:/C:/Users/NAJWATUL%20MAULIDA/Documents/NetBeansProjects/KASIRAKADEMIK/src/sivitas.java</file>
            <file>file:/C:/Users/NAJWATUL%20MAULIDA/Documents/NetBeansProjects/KASIRAKADEMIK/src/pembayaran.java</file>
            <file>file:/C:/Users/NAJWATUL%20MAULIDA/Documents/NetBeansProjects/KASIRAKADEMIK/src/transaksi.java</file>
        </group>
    </open-files>
</project-private>
